username,,password
clientqa9100@guerrillamailblock.com,Legalmatchph1,
clientqa9200@guerrillamailblock.com,Legalmatchph1,
clientqa9300@guerrillamailblock.com,Legalmatchph1,
clientqa9400@guerrillamailblock.com,Legalmatchph1,
clientqa9500@guerrillamailblock.com,Legalmatchph1,
clientqa9600@guerrillamailblock.com,Legalmatchph1,
clientqa9700@guerrillamailblock.com,Legalmatchph1,
clientqa9800@guerrillamailblock.com,Legalmatchph1,
ttalsubscriberqa9900@guerrillamailblock.com,Legalmatchph1,
ttalverifieduserqa91000@guerrillamailblock.com,Legalmatchph1,
ttalunverifieduserqa91100@guerrillamailblock.com,Legalmatchph1,
